player_id,year,FGA,FGM,FGA_3pt,FGM_3pt,eFG,three_rate
101108,2022,722,355,428,222,0.6454293628808865,0.592797783933518
101108,2023,606,266,371,165,0.5750825082508251,0.6122112211221122
101150,2022,292,116,152,54,0.4897260273972603,0.5205479452054794
1626144,2022,2,0,0,0,0.0,0.0
1626145,2022,530,235,240,105,0.5424528301886793,0.4528301886792453
1626145,2023,599,260,266,119,0.5333889816360601,0.44407345575959933
1626147,2022,95,36,22,12,0.4421052631578947,0.23157894736842105
1626149,2022,525,336,75,39,0.6771428571428572,0.14285714285714285
1626149,2023,181,110,34,18,0.6574585635359116,0.1878453038674033
1626153,2022,235,111,59,26,0.5276595744680851,0.251063829787234
1626153,2023,240,115,62,32,0.5458333333333333,0.25833333333333336
1626156,2022,873,365,348,147,0.502290950744559,0.39862542955326463
1626156,2023,875,408,333,137,0.5445714285714286,0.38057142857142856
1626157,2022,1076,565,156,79,0.5618029739776952,0.1449814126394052
1626157,2023,390,192,55,25,0.5243589743589744,0.14102564102564102
1626158,2022,291,193,42,24,0.7044673539518901,0.14432989690721648
1626158,2023,87,55,14,8,0.6781609195402298,0.16091954022988506
1626159,2022,233,101,63,33,0.5042918454935622,0.2703862660944206
1626159,2023,186,78,62,26,0.489247311827957,0.3333333333333333
1626161,2022,33,14,9,3,0.4696969696969697,0.2727272727272727
1626162,2022,861,375,159,65,0.4732868757259001,0.18466898954703834
1626162,2023,807,347,237,113,0.5,0.2936802973977695
1626163,2022,66,36,18,13,0.6439393939393939,0.2727272727272727
1626163,2023,57,29,6,2,0.5263157894736842,0.10526315789473684
1626164,2022,1336,622,571,267,0.5654940119760479,0.4273952095808383
1626164,2023,951,465,456,196,0.5920084121976866,0.4794952681388013
1626166,2022,530,215,176,67,0.4688679245283019,0.3320754716981132
1626166,2023,405,169,165,66,0.49876543209876545,0.4074074074074074
1626167,2022,367,184,35,20,0.5286103542234333,0.09536784741144415
1626167,2023,633,346,87,49,0.5853080568720379,0.13744075829383887
1626168,2022,518,239,74,33,0.49324324324324326,0.14285714285714285
1626168,2023,391,181,41,14,0.48081841432225064,0.10485933503836317
1626169,2022,218,103,52,34,0.5504587155963303,0.23853211009174313
1626169,2023,109,59,17,7,0.573394495412844,0.1559633027522936
1626171,2022,816,389,141,67,0.5177696078431373,0.17279411764705882
1626171,2023,729,367,128,62,0.5459533607681756,0.1755829903978052
1626172,2022,327,186,87,39,0.6284403669724771,0.26605504587155965
1626172,2023,322,205,113,61,0.7313664596273292,0.35093167701863354
1626174,2022,772,386,167,82,0.5531088082901554,0.21632124352331605
1626174,2023,683,346,127,48,0.541727672035139,0.18594436310395315
1626179,2022,1047,466,284,136,0.5100286532951289,0.271251193887297
1626179,2023,1105,460,448,164,0.49049773755656106,0.40542986425339367
1626181,2022,605,279,172,73,0.5214876033057851,0.28429752066115704
1626181,2023,666,320,196,85,0.5442942942942943,0.29429429429429427
1626192,2022,446,206,35,20,0.484304932735426,0.07847533632286996
1626192,2023,370,145,37,20,0.4189189189189189,0.1
1626195,2022,278,145,74,25,0.5665467625899281,0.26618705035971224
1626195,2023,153,78,41,21,0.5784313725490197,0.2679738562091503
1626196,2022,468,203,122,53,0.49038461538461536,0.2606837606837607
1626196,2023,492,210,166,74,0.5020325203252033,0.33739837398373984
1626204,2022,223,118,25,15,0.5627802690582959,0.11210762331838565
1626204,2023,294,181,49,31,0.6683673469387755,0.16666666666666666
1626208,2022,189,69,74,22,0.42328042328042326,0.3915343915343915
1626220,2022,368,173,31,16,0.49184782608695654,0.08423913043478261
1626220,2023,540,211,102,37,0.425,0.18888888888888888
1626224,2022,541,234,105,48,0.47689463955637706,0.19408502772643252
1626224,2023,461,208,102,43,0.49783080260303686,0.22125813449023862
1626246,2022,60,36,2,1,0.6083333333333333,0.03333333333333333
1626246,2023,51,37,3,2,0.7450980392156863,0.058823529411764705
1627732,2023,193,106,29,16,0.5906735751295337,0.15025906735751296
1627734,2022,715,411,109,65,0.6202797202797202,0.15244755244755245
1627734,2023,871,537,147,104,0.6762342135476463,0.1687715269804822
1627736,2022,789,309,166,56,0.42712294043092525,0.21039290240811154
1627736,2023,898,354,244,93,0.4459910913140312,0.2717149220489978
1627737,2022,123,56,16,6,0.4796747967479675,0.13008130081300814
1627739,2022,96,43,24,13,0.515625,0.25
1627739,2023,205,109,51,30,0.6048780487804878,0.24878048780487805
1627741,2022,1033,416,276,111,0.4564375605033882,0.2671829622458858
1627741,2023,868,398,219,99,0.5155529953917051,0.2523041474654378
1627742,2022,848,397,287,135,0.5477594339622641,0.3384433962264151
1627742,2023,753,363,314,134,0.5710491367861886,0.4169986719787517
1627745,2022,243,157,32,23,0.6934156378600823,0.13168724279835392
1627745,2023,72,47,11,4,0.6805555555555556,0.1527777777777778
1627747,2022,776,350,349,136,0.538659793814433,0.4497422680412371
1627747,2023,643,272,200,71,0.4782270606531882,0.3110419906687403
1627749,2022,1061,490,467,209,0.560320452403393,0.44015080113100846
1627749,2023,1190,559,601,287,0.5903361344537815,0.5050420168067227
1627750,2023,977,438,383,165,0.5327533265097236,0.39201637666325484
1627751,2022,562,345,122,81,0.6859430604982206,0.21708185053380782
1627751,2023,537,333,124,82,0.6964618249534451,0.2309124767225326
1627752,2022,353,164,70,30,0.5070821529745042,0.19830028328611898
1627752,2023,341,163,74,37,0.532258064516129,0.21700879765395895
1627756,2022,57,23,9,1,0.41228070175438597,0.15789473684210525
1627759,2022,1128,530,307,135,0.5296985815602837,0.2721631205673759
1627759,2023,1275,617,376,169,0.5501960784313725,0.29490196078431374
1627760,2022,4,0,1,0,0.0,0.25
1627761,2022,199,111,36,22,0.6130653266331658,0.18090452261306533
1627763,2022,503,225,148,57,0.5039761431411531,0.294234592445328
1627763,2023,670,321,237,115,0.5649253731343283,0.3537313432835821
1627767,2022,8,3,3,1,0.4375,0.375
1627774,2022,67,28,13,4,0.44776119402985076,0.19402985074626866
1627777,2022,515,226,46,20,0.458252427184466,0.08932038834951456
1627777,2023,451,201,53,25,0.47339246119733924,0.11751662971175167
1627780,2022,323,198,51,36,0.6687306501547987,0.15789473684210525
1627780,2023,60,34,8,3,0.5916666666666667,0.13333333333333333
1627782,2022,4,1,2,1,0.375,0.5
1627783,2022,1125,556,293,126,0.5502222222222222,0.2604444444444444
1627783,2023,1156,553,351,162,0.5484429065743944,0.3036332179930796
1627788,2022,401,153,120,41,0.43266832917705733,0.29925187032418954
1627788,2023,85,36,21,10,0.4823529411764706,0.24705882352941178
1627789,2022,165,65,19,8,0.41818181818181815,0.11515151515151516
1627814,2022,323,138,95,45,0.4969040247678019,0.29411764705882354
1627814,2023,403,179,102,38,0.4913151364764268,0.2531017369727047
1627820,2022,20,7,8,3,0.425,0.4
1627822,2022,14,5,1,0,0.35714285714285715,0.07142857142857142
1627823,2022,94,38,11,8,0.44680851063829785,0.11702127659574468
1627823,2023,113,48,24,11,0.47345132743362833,0.21238938053097345
1627826,2022,405,251,71,31,0.6580246913580247,0.17530864197530865
1627826,2023,477,307,71,32,0.6771488469601677,0.1488469601677149
1627827,2022,653,312,81,35,0.5045941807044411,0.12404287901990811
1627827,2023,446,178,56,24,0.4260089686098655,0.12556053811659193
1627832,2022,1024,420,405,169,0.49267578125,0.3955078125
1627832,2023,1017,401,409,160,0.4729596853490659,0.40216322517207476
1627846,2022,35,12,5,1,0.35714285714285715,0.14285714285714285
1627853,2022,12,6,2,1,0.5416666666666666,0.16666666666666666
1627853,2023,30,9,10,2,0.3333333333333333,0.3333333333333333
1627854,2022,499,218,168,74,0.5110220440881763,0.3366733466933868
1627854,2023,73,24,32,10,0.3972602739726027,0.4383561643835616
1627863,2022,173,68,33,15,0.43641618497109824,0.1907514450867052
1627863,2023,163,76,46,22,0.5337423312883436,0.2822085889570552
1627884,2022,174,96,37,18,0.603448275862069,0.21264367816091953
1627884,2023,207,104,41,26,0.5652173913043478,0.19806763285024154
1627885,2023,36,15,10,2,0.4444444444444444,0.2777777777777778
1627936,2022,212,84,51,22,0.4481132075471698,0.24056603773584906
1627936,2023,259,116,46,23,0.4922779922779923,0.1776061776061776
1628021,2022,144,69,17,9,0.5104166666666666,0.11805555555555555
1628035,2022,54,21,9,4,0.42592592592592593,0.16666666666666666
1628221,2022,7,2,0,0,0.2857142857142857,0.0
1628221,2023,21,8,5,0,0.38095238095238093,0.23809523809523808
1628238,2022,6,2,0,0,0.3333333333333333,0.0
1628365,2022,165,78,64,25,0.5484848484848485,0.3878787878787879
1628365,2023,627,322,224,113,0.6036682615629984,0.3572567783094099
1628366,2022,329,138,70,28,0.46200607902735563,0.2127659574468085
1628367,2022,264,104,70,28,0.44696969696969696,0.26515151515151514
1628368,2022,1018,488,435,201,0.5780943025540275,0.42730844793713163
1628368,2023,1224,630,539,258,0.6200980392156863,0.440359477124183
1628369,2022,1403,627,425,173,0.5085531004989309,0.3029223093371347
1628369,2023,1408,662,433,160,0.5269886363636364,0.3075284090909091
1628370,2022,739,351,188,78,0.5277401894451962,0.2543978349120433
1628370,2023,754,335,194,72,0.4920424403183024,0.2572944297082228
1628371,2023,47,18,7,1,0.39361702127659576,0.14893617021276595
1628372,2022,182,76,46,17,0.4642857142857143,0.25274725274725274
1628372,2023,425,176,111,35,0.45529411764705885,0.2611764705882353
1628373,2022,195,78,52,20,0.4512820512820513,0.26666666666666666
1628373,2023,123,44,24,12,0.4065040650406504,0.1951219512195122
1628374,2022,670,298,67,37,0.47238805970149256,0.1
1628374,2023,1082,536,170,85,0.5346580406654344,0.15711645101663585
1628378,2022,1159,518,461,180,0.5245901639344263,0.39775668679896464
1628378,2023,1247,602,575,264,0.5886126704089816,0.4611066559743384
1628379,2022,537,240,141,67,0.5093109869646183,0.26256983240223464
1628379,2023,348,172,90,42,0.5545977011494253,0.25862068965517243
1628380,2022,101,48,10,7,0.5099009900990099,0.09900990099009901
1628380,2023,510,266,57,28,0.5490196078431373,0.11176470588235295
1628381,2022,602,320,94,51,0.5739202657807309,0.15614617940199335
1628381,2023,616,306,83,41,0.5300324675324676,0.13474025974025974
1628382,2022,15,5,6,1,0.36666666666666664,0.4
1628382,2023,26,7,4,2,0.3076923076923077,0.15384615384615385
1628384,2022,669,293,134,47,0.4730941704035874,0.20029895366218237
1628384,2023,806,384,144,56,0.511166253101737,0.17866004962779156
1628386,2022,495,335,39,29,0.706060606060606,0.07878787878787878
1628386,2023,522,337,58,35,0.6791187739463601,0.1111111111111111
1628389,2022,653,359,136,61,0.5964777947932619,0.2082695252679939
1628389,2023,982,525,250,126,0.5987780040733197,0.2545824847250509
1628391,2022,15,11,6,3,0.8333333333333334,0.4
1628392,2022,311,191,65,36,0.6720257234726688,0.2090032154340836
1628392,2023,295,158,80,38,0.6,0.2711864406779661
1628396,2022,114,71,24,17,0.6973684210526315,0.21052631578947367
1628396,2023,11,6,2,0,0.5454545454545454,0.18181818181818182
1628398,2022,894,402,186,81,0.4949664429530201,0.2080536912751678
1628398,2023,1042,475,251,102,0.5047984644913628,0.24088291746641075
1628400,2022,75,25,10,3,0.35333333333333333,0.13333333333333333
1628401,2022,719,299,219,103,0.4874826147426982,0.3045897079276773
1628401,2023,712,326,206,93,0.5231741573033708,0.2893258426966292
1628402,2022,444,181,93,47,0.4605855855855856,0.20945945945945946
1628402,2023,3,0,2,0,0.0,0.6666666666666666
1628404,2022,505,252,110,47,0.5455445544554456,0.21782178217821782
1628404,2023,466,243,88,40,0.5643776824034334,0.1888412017167382
1628408,2022,89,34,25,9,0.43258426966292135,0.2808988764044944
1628408,2023,33,10,12,4,0.36363636363636365,0.36363636363636365
1628410,2023,229,102,35,13,0.4737991266375546,0.15283842794759825
1628411,2022,8,3,1,1,0.4375,0.125
1628415,2022,471,204,175,78,0.5159235668789809,0.37154989384288745
1628415,2023,820,325,288,108,0.46219512195121953,0.35121951219512193
1628416,2023,1,0,0,0,0.0,0.0
1628418,2022,137,71,11,3,0.5291970802919708,0.08029197080291971
1628418,2023,339,211,39,14,0.6430678466076696,0.11504424778761062
1628419,2022,6,6,3,3,1.25,0.5
1628420,2022,691,338,271,136,0.5875542691751086,0.3921852387843705
1628420,2023,449,214,184,92,0.579064587973274,0.40979955456570155
1628422,2022,4,2,0,0,0.5,0.0
1628424,2023,5,1,1,1,0.3,0.2
1628425,2022,134,51,26,11,0.4216417910447761,0.19402985074626866
1628425,2023,4,0,0,0,0.0,0.0
1628427,2022,36,21,6,3,0.625,0.16666666666666666
1628427,2023,204,99,19,12,0.5147058823529411,0.09313725490196079
1628432,2022,142,72,44,22,0.5845070422535211,0.30985915492957744
1628432,2023,78,25,24,8,0.3717948717948718,0.3076923076923077
1628435,2023,5,3,0,0,0.6,0.0
1628436,2022,26,13,6,5,0.5961538461538461,0.23076923076923078
1628436,2023,164,109,42,24,0.7378048780487805,0.25609756097560976
1628449,2022,541,251,97,36,0.49722735674676527,0.17929759704251386
1628449,2023,465,226,93,42,0.5311827956989247,0.2
1628464,2022,253,132,36,23,0.567193675889328,0.1422924901185771
1628464,2023,44,21,5,3,0.5113636363636364,0.11363636363636363
1628467,2022,331,133,36,14,0.4229607250755287,0.10876132930513595
1628467,2023,156,70,19,10,0.4807692307692308,0.12179487179487179
1628470,2022,406,185,79,33,0.4963054187192118,0.19458128078817735
1628470,2023,449,202,90,38,0.4922048997772829,0.20044543429844097
1628476,2022,26,6,4,1,0.25,0.15384615384615385
1628537,2022,4,0,1,0,0.0,0.25
1628539,2022,59,19,10,5,0.3644067796610169,0.1694915254237288
1628591,2022,4,3,0,0,0.75,0.0
1628778,2022,34,12,2,1,0.36764705882352944,0.058823529411764705
1628960,2022,524,236,107,46,0.49427480916030536,0.20419847328244276
1628960,2023,510,225,90,36,0.4764705882352941,0.17647058823529413
1628962,2022,31,22,2,2,0.7419354838709677,0.06451612903225806
1628962,2023,70,57,5,4,0.8428571428571429,0.07142857142857142
1628963,2022,402,200,57,32,0.5373134328358209,0.1417910447761194
1628963,2023,317,168,61,33,0.582018927444795,0.19242902208201892
1628964,2022,552,267,66,30,0.5108695652173914,0.11956521739130435
1628964,2023,238,116,20,11,0.5105042016806722,0.08403361344537816
1628966,2022,219,111,54,24,0.5616438356164384,0.2465753424657534
1628966,2023,425,215,92,39,0.5517647058823529,0.2164705882352941
1628969,2022,802,436,191,105,0.6091022443890274,0.23815461346633415
1628969,2023,1168,542,375,171,0.5372431506849316,0.3210616438356164
1628970,2022,1095,532,200,81,0.5228310502283106,0.182648401826484
1628971,2022,457,229,82,39,0.5437636761487965,0.17943107221006566
1628971,2023,696,337,140,54,0.5229885057471264,0.20114942528735633
1628972,2022,234,98,41,19,0.4594017094017094,0.1752136752136752
1628972,2023,395,178,75,33,0.49240506329113926,0.189873417721519
1628973,2022,942,471,362,170,0.5902335456475584,0.3842887473460722
1628973,2023,1098,542,565,273,0.6179417122040073,0.5145719489981785
1628975,2022,239,95,82,37,0.47489539748953974,0.34309623430962344
1628975,2023,510,217,185,82,0.5058823529411764,0.3627450980392157
1628976,2022,599,318,70,40,0.5642737896494157,0.11686143572621036
1628976,2023,553,291,66,32,0.5551537070524413,0.11934900542495479
1628977,2022,501,246,139,71,0.56187624750499,0.2774451097804391
1628977,2023,309,176,88,43,0.63915857605178,0.284789644012945
1628978,2022,305,112,80,24,0.4065573770491803,0.26229508196721313
1628978,2023,486,212,100,39,0.4763374485596708,0.205761316872428
1628981,2022,45,28,7,1,0.6333333333333333,0.15555555555555556
1628981,2023,105,53,22,10,0.5523809523809524,0.20952380952380953
1628982,2022,48,13,4,2,0.2916666666666667,0.08333333333333333
1628983,2022,942,430,359,131,0.5260084925690022,0.38110403397027603
1628983,2023,1300,667,512,241,0.6057692307692307,0.39384615384615385
1628984,2022,719,260,224,70,0.4102920723226704,0.31154381084840055
1628984,2023,406,156,156,55,0.45197044334975367,0.3842364532019704
1628988,2022,321,143,93,43,0.5124610591900312,0.2897196261682243
1628988,2023,201,86,81,35,0.5149253731343284,0.40298507462686567
1628989,2022,690,314,236,101,0.5282608695652173,0.34202898550724636
1628989,2023,783,385,254,145,0.5842911877394636,0.3243933588761175
1628990,2022,2,1,1,0,0.5,0.5
1628991,2022,917,378,105,44,0.4362050163576881,0.11450381679389313
1628991,2023,697,351,82,37,0.53012912482066,0.11764705882352941
1628993,2022,37,17,5,3,0.5,0.13513513513513514
1628993,2023,6,3,1,0,0.5,0.16666666666666666
1628994,2022,4,0,0,0,0.0,0.0
1628995,2022,80,31,10,4,0.4125,0.125
1628995,2023,295,136,61,25,0.5033898305084745,0.20677966101694914
1628997,2022,383,195,74,33,0.5522193211488251,0.19321148825065274
1628997,2023,498,230,96,56,0.5180722891566265,0.1927710843373494
1628998,2022,395,194,60,32,0.5316455696202531,0.1518987341772152
1628998,2023,25,10,7,2,0.44,0.28
1629001,2022,624,254,171,65,0.45913461538461536,0.27403846153846156
1629001,2023,578,243,131,48,0.4619377162629758,0.22664359861591696
1629002,2022,415,185,57,24,0.4746987951807229,0.13734939759036144
1629002,2023,192,111,30,13,0.6119791666666666,0.15625
1629003,2022,356,152,117,43,0.48735955056179775,0.32865168539325845
1629003,2023,434,203,147,62,0.5391705069124424,0.3387096774193548
1629004,2022,231,91,52,18,0.4329004329004329,0.22510822510822512
1629004,2023,153,69,47,16,0.5032679738562091,0.30718954248366015
1629005,2022,5,3,4,2,0.8,0.8
1629006,2022,93,38,6,3,0.42473118279569894,0.06451612903225806
1629006,2023,361,139,86,30,0.4265927977839335,0.23822714681440443
1629008,2022,79,26,15,6,0.3670886075949367,0.189873417721519
1629008,2023,781,383,189,84,0.5441741357234315,0.24199743918053776
1629011,2022,331,253,39,28,0.8066465256797583,0.11782477341389729
1629011,2023,255,170,56,25,0.7156862745098039,0.2196078431372549
1629012,2022,151,68,44,23,0.5264900662251656,0.2913907284768212
1629012,2023,431,221,111,59,0.5812064965197216,0.25754060324825984
1629013,2022,446,176,89,32,0.4304932735426009,0.19955156950672645
1629013,2023,294,110,100,32,0.42857142857142855,0.3401360544217687
1629014,2022,784,348,363,153,0.5414540816326531,0.4630102040816326
1629014,2023,975,432,404,162,0.5261538461538462,0.41435897435897434
1629018,2022,1004,406,412,158,0.48306772908366535,0.4103585657370518
1629018,2023,841,366,346,144,0.5208085612366231,0.4114149821640904
1629020,2022,321,186,70,29,0.6246105919003115,0.21806853582554517
1629020,2023,434,238,93,56,0.6129032258064516,0.21428571428571427
1629021,2022,360,186,37,23,0.5486111111111112,0.10277777777777777
1629021,2023,365,184,53,32,0.547945205479452,0.14520547945205478
1629022,2022,678,275,232,88,0.47050147492625366,0.3421828908554572
1629022,2023,438,192,107,35,0.478310502283105,0.24429223744292236
1629023,2022,485,232,51,28,0.5072164948453608,0.10515463917525773
1629023,2023,925,408,211,90,0.4897297297297297,0.2281081081081081
1629026,2022,287,132,61,33,0.5174216027874564,0.21254355400696864
1629026,2023,332,174,86,45,0.5918674698795181,0.25903614457831325
1629027,2022,1406,648,826,365,0.5906827880512091,0.5874822190611664
1629027,2023,1243,543,722,317,0.5643604183427192,0.580852775543041
1629028,2022,644,407,90,54,0.6739130434782609,0.13975155279503104
1629028,2023,807,475,115,75,0.6350681536555143,0.14250309789343246
1629029,2022,1285,587,612,259,0.5575875486381323,0.4762645914396887
1629029,2023,1265,624,525,218,0.5794466403162055,0.4150197628458498
1629033,2022,30,11,9,3,0.4166666666666667,0.3
1629033,2023,76,26,17,7,0.3881578947368421,0.2236842105263158
1629035,2022,30,9,11,6,0.4,0.36666666666666664
1629048,2022,241,123,40,22,0.5560165975103735,0.16597510373443983
1629048,2023,119,65,21,13,0.6008403361344538,0.17647058823529413
1629052,2022,495,205,85,33,0.44747474747474747,0.1717171717171717
1629052,2023,265,102,37,13,0.40943396226415096,0.13962264150943396
1629056,2022,255,109,67,26,0.47843137254901963,0.2627450980392157
1629056,2023,341,145,69,32,0.47214076246334313,0.20234604105571846
1629057,2022,344,252,69,43,0.7950581395348837,0.2005813953488372
1629057,2023,164,124,38,25,0.8323170731707317,0.23170731707317074
1629060,2022,360,175,91,36,0.5361111111111111,0.25277777777777777
1629060,2023,541,259,139,74,0.5471349353049908,0.25693160813308685
1629067,2022,10,2,0,0,0.2,0.0
1629076,2022,36,22,9,5,0.6805555555555556,0.25
1629083,2022,1,0,0,0,0.0,0.0
1629103,2022,153,62,49,21,0.4738562091503268,0.3202614379084967
1629109,2022,79,27,5,1,0.34810126582278483,0.06329113924050633
1629111,2022,173,89,25,16,0.5606936416184971,0.14450867052023122
1629111,2023,302,156,43,23,0.554635761589404,0.1423841059602649
1629117,2022,110,54,19,8,0.5272727272727272,0.17272727272727273
1629117,2023,233,143,62,39,0.6974248927038627,0.26609442060085836
1629126,2023,2,0,0,0,0.0,0.0
1629130,2022,654,261,117,60,0.44495412844036697,0.17889908256880735
1629130,2023,220,80,62,26,0.42272727272727273,0.2818181818181818
1629134,2023,379,159,154,65,0.5052770448548812,0.40633245382585753
1629139,2022,132,54,23,12,0.45454545454545453,0.17424242424242425
1629139,2023,196,99,27,14,0.5408163265306123,0.1377551020408163
1629150,2022,5,0,2,0,0.0,0.4
1629162,2022,179,75,42,19,0.4720670391061452,0.2346368715083799
1629162,2023,132,52,35,17,0.4583333333333333,0.26515151515151514
1629164,2022,144,58,49,17,0.4618055555555556,0.3402777777777778
1629168,2022,5,0,2,0,0.0,0.4
1629185,2022,70,20,13,2,0.3,0.18571428571428572
1629203,2022,3,2,1,1,0.8333333333333334,0.3333333333333333
1629216,2022,453,184,152,57,0.46909492273730685,0.3355408388520971
1629216,2023,493,189,162,65,0.44929006085192696,0.3286004056795132
1629234,2022,347,207,41,24,0.6311239193083573,0.11815561959654179
1629234,2023,312,197,46,26,0.6730769230769231,0.14743589743589744
1629308,2022,206,100,34,20,0.5339805825242718,0.1650485436893204
1629308,2023,134,62,25,11,0.503731343283582,0.1865671641791045
1629309,2022,1,0,0,0,0.0,0.0
1629312,2022,44,16,10,3,0.3977272727272727,0.22727272727272727
1629312,2023,195,86,32,16,0.48205128205128206,0.1641025641025641
1629597,2022,3,0,0,0,0.0,0.0
1629599,2022,388,179,66,30,0.5,0.17010309278350516
1629599,2023,138,53,37,11,0.42391304347826086,0.26811594202898553
1629600,2022,2,1,0,0,0.5,0.0
1629603,2022,47,25,6,2,0.5531914893617021,0.1276595744680851
1629603,2023,35,16,5,3,0.5,0.14285714285714285
1629604,2022,306,120,46,18,0.4215686274509804,0.1503267973856209
1629605,2022,12,5,1,0,0.4166666666666667,0.08333333333333333
1629607,2022,17,10,5,4,0.7058823529411765,0.29411764705882354
1629610,2022,2,1,0,0,0.5,0.0
1629611,2022,607,293,198,87,0.5543657331136738,0.3261943986820428
1629611,2023,500,263,134,70,0.596,0.268
1629614,2023,551,236,185,69,0.4909255898366606,0.33575317604355714
1629617,2022,79,40,11,7,0.5506329113924051,0.13924050632911392
1629619,2022,13,5,3,0,0.38461538461538464,0.23076923076923078
1629620,2022,83,25,28,9,0.35542168674698793,0.3373493975903614
1629622,2022,504,222,87,40,0.4801587301587302,0.17261904761904762
1629622,2023,725,297,127,46,0.4413793103448276,0.17517241379310344
1629623,2022,61,26,11,7,0.48360655737704916,0.18032786885245902
1629623,2023,37,18,8,5,0.5540540540540541,0.21621621621621623
1629626,2022,23,13,6,3,0.6304347826086957,0.2608695652173913
1629626,2023,457,252,156,71,0.6291028446389497,0.3413566739606127
1629627,2023,412,249,45,25,0.6347087378640777,0.10922330097087378
1629628,2022,1146,471,229,74,0.4432809773123909,0.19982547993019198
1629628,2023,1072,470,197,74,0.47294776119402987,0.1837686567164179
1629629,2022,378,153,104,37,0.4537037037037037,0.2751322751322751
1629629,2023,285,128,61,26,0.49473684210526314,0.21403508771929824
1629630,2022,991,484,351,141,0.5595358224016145,0.35418768920282545
1629630,2023,1008,482,415,176,0.5654761904761905,0.4117063492063492
1629631,2022,503,221,142,58,0.4970178926441352,0.2823061630218688
1629631,2023,756,346,240,114,0.533068783068783,0.31746031746031744
1629632,2022,544,227,128,51,0.4641544117647059,0.23529411764705882
1629632,2023,529,235,108,41,0.4829867674858223,0.20415879017013233
1629633,2022,125,47,42,10,0.416,0.336
1629633,2023,38,16,7,4,0.47368421052631576,0.18421052631578946
1629634,2022,403,259,124,75,0.7357320099255583,0.3076923076923077
1629634,2023,293,193,69,48,0.7406143344709898,0.2354948805460751
1629635,2022,8,5,0,0,0.625,0.0
1629636,2022,1086,499,453,210,0.5561694290976059,0.4171270718232044
1629636,2023,962,439,462,199,0.5597713097713097,0.4802494802494803
1629637,2022,347,216,54,27,0.6613832853025937,0.15561959654178675
1629637,2023,143,80,25,16,0.6153846153846154,0.17482517482517482
1629638,2022,577,217,107,38,0.4090121317157712,0.1854419410745234
1629638,2023,255,115,72,38,0.5254901960784314,0.2823529411764706
1629639,2022,1061,476,417,190,0.5381715362865221,0.3930254476908577
1629639,2023,991,434,479,208,0.5428859737638748,0.48335015136226034
1629640,2022,853,396,185,85,0.5140679953106683,0.21688159437280188
1629640,2023,972,445,208,88,0.5030864197530864,0.2139917695473251
1629641,2022,176,80,34,16,0.5,0.19318181818181818
1629641,2023,228,110,64,42,0.5745614035087719,0.2807017543859649
1629642,2022,308,141,64,29,0.5048701298701299,0.2077922077922078
1629642,2023,287,126,77,35,0.5,0.2682926829268293
1629643,2022,500,188,74,23,0.399,0.148
1629643,2023,112,38,19,5,0.36160714285714285,0.16964285714285715
1629644,2022,59,26,5,4,0.4745762711864407,0.0847457627118644
1629644,2023,32,13,3,2,0.4375,0.09375
1629645,2022,678,285,276,106,0.49852507374631266,0.40707964601769914
1629645,2023,765,337,358,139,0.5313725490196078,0.46797385620915033
1629646,2022,44,28,9,7,0.7159090909090909,0.20454545454545456
1629646,2023,129,84,29,22,0.7364341085271318,0.2248062015503876
1629647,2022,595,242,61,28,0.43025210084033616,0.10252100840336134
1629647,2023,182,82,28,6,0.46703296703296704,0.15384615384615385
1629649,2022,184,80,26,16,0.4782608695652174,0.14130434782608695
1629650,2022,105,61,15,7,0.6142857142857143,0.14285714285714285
1629650,2023,94,59,16,7,0.6648936170212766,0.1702127659574468
1629651,2022,244,167,49,29,0.7438524590163934,0.20081967213114754
1629651,2023,518,367,74,49,0.7557915057915058,0.14285714285714285
1629652,2022,638,263,141,61,0.46003134796238243,0.22100313479623823
1629652,2023,847,332,166,66,0.4309327036599764,0.1959858323494687
1629653,2022,19,10,3,0,0.5263157894736842,0.15789473684210525
1629653,2023,7,0,2,0,0.0,0.2857142857142857
1629655,2022,397,277,51,29,0.7342569269521411,0.12846347607052896
1629655,2023,347,254,56,37,0.7853025936599424,0.16138328530259366
1629656,2022,229,92,39,11,0.425764192139738,0.1703056768558952
1629656,2023,536,247,65,28,0.4869402985074627,0.12126865671641791
1629657,2022,65,26,14,7,0.45384615384615384,0.2153846153846154
1629658,2022,90,44,23,14,0.5666666666666667,0.25555555555555554
1629659,2022,496,214,118,45,0.47681451612903225,0.23790322580645162
1629659,2023,578,241,129,39,0.45069204152249137,0.2231833910034602
1629660,2022,323,122,91,38,0.43653250773993807,0.28173374613003094
1629660,2023,225,113,81,41,0.5933333333333334,0.36
1629661,2022,589,273,76,32,0.4906621392190153,0.12903225806451613
1629661,2023,419,201,109,47,0.535799522673031,0.26014319809069214
1629662,2023,7,2,0,0,0.2857142857142857,0.0
1629663,2022,41,14,13,5,0.4024390243902439,0.3170731707317073
1629667,2022,231,106,25,12,0.48484848484848486,0.10822510822510822
1629667,2023,575,259,84,42,0.48695652173913045,0.14608695652173914
1629669,2022,371,180,126,64,0.5714285714285714,0.33962264150943394
1629669,2023,572,260,188,94,0.5367132867132867,0.32867132867132864
1629670,2022,430,174,130,46,0.45813953488372094,0.3023255813953488
1629670,2023,384,163,109,38,0.4739583333333333,0.2838541666666667
1629671,2022,8,2,1,0,0.25,0.125
1629672,2022,188,89,18,11,0.5026595744680851,0.09574468085106383
1629673,2022,915,414,304,128,0.5224043715846994,0.33224043715846996
1629673,2023,1113,472,382,135,0.48472596585804134,0.34321653189577717
1629674,2022,28,12,7,2,0.4642857142857143,0.25
1629674,2023,9,6,1,1,0.7222222222222222,0.1111111111111111
1629675,2022,434,212,56,27,0.5195852534562212,0.12903225806451613
1629675,2023,516,275,69,35,0.5668604651162791,0.13372093023255813
1629676,2022,314,161,49,23,0.5493630573248408,0.15605095541401273
1629676,2023,135,58,35,12,0.4740740740740741,0.25925925925925924
1629677,2023,57,26,5,2,0.47368421052631576,0.08771929824561403
1629678,2022,118,47,23,12,0.4491525423728814,0.19491525423728814
1629678,2023,117,52,22,12,0.49572649572649574,0.18803418803418803
1629680,2022,265,128,30,14,0.5094339622641509,0.11320754716981132
1629680,2023,232,99,29,12,0.4525862068965517,0.125
1629681,2022,119,40,16,7,0.36554621848739494,0.13445378151260504
1629682,2022,14,4,9,1,0.32142857142857145,0.6428571428571429
1629683,2022,16,10,6,2,0.6875,0.375
1629684,2022,389,181,50,21,0.4922879177377892,0.12853470437017994
1629684,2023,449,205,77,36,0.49665924276169265,0.1714922048997773
1629685,2022,94,37,11,6,0.425531914893617,0.11702127659574468
1629685,2023,3,2,0,0,0.6666666666666666,0.0
1629686,2022,10,1,1,0,0.1,0.1
1629712,2022,33,12,3,2,0.3939393939393939,0.09090909090909091
1629714,2023,14,8,1,0,0.5714285714285714,0.07142857142857142
1629717,2022,257,87,69,23,0.3832684824902724,0.26848249027237353
1629718,2022,30,7,5,1,0.25,0.16666666666666666
1629719,2022,29,20,9,7,0.8103448275862069,0.3103448275862069
1629723,2022,239,129,65,38,0.6192468619246861,0.2719665271966527
1629723,2023,268,112,44,25,0.46455223880597013,0.16417910447761194
1629726,2022,404,165,59,24,0.4381188118811881,0.14603960396039603
1629726,2023,180,65,30,13,0.3972222222222222,0.16666666666666666
1629730,2022,9,6,2,1,0.7222222222222222,0.2222222222222222
1629731,2022,203,93,18,14,0.49261083743842365,0.08866995073891626
1629731,2023,149,65,10,8,0.46308724832214765,0.06711409395973154
1629735,2022,15,8,0,0,0.5333333333333333,0.0
1629735,2023,1,1,0,0,1.0,0.0
1629744,2022,117,48,41,24,0.5128205128205128,0.3504273504273504
1629750,2022,271,145,49,26,0.5830258302583026,0.18081180811808117
1629750,2023,97,53,22,12,0.6082474226804123,0.2268041237113402
1629751,2022,6,2,2,0,0.3333333333333333,0.3333333333333333
1629752,2022,3,2,1,1,0.8333333333333334,0.3333333333333333
1629755,2022,18,9,7,3,0.5833333333333334,0.3888888888888889
1629760,2022,1,0,0,0,0.0,0.0
1629783,2022,4,1,2,1,0.375,0.5
1629833,2022,111,34,29,8,0.34234234234234234,0.26126126126126126
1629873,2022,3,0,1,0,0.0,0.3333333333333333
1629875,2022,51,25,23,15,0.6372549019607843,0.45098039215686275
1629875,2023,9,3,5,1,0.3888888888888889,0.5555555555555556
1629958,2022,1,1,0,0,1.0,0.0
1629962,2022,44,15,7,0,0.3409090909090909,0.1590909090909091
1630162,2022,1088,481,356,124,0.4990808823529412,0.3272058823529412
1630162,2023,1387,625,534,189,0.5187454938716655,0.3850036049026676
1630163,2022,1126,485,323,146,0.4955595026642984,0.28685612788632325
1630163,2023,632,261,236,95,0.48813291139240506,0.37341772151898733
1630164,2023,280,156,28,17,0.5875,0.1
1630165,2022,426,164,125,45,0.43779342723004694,0.2934272300469484
1630165,2023,691,264,338,129,0.47539797395079597,0.48914616497829233
1630166,2022,554,238,107,62,0.4855595667870036,0.1931407942238267
1630166,2023,488,216,119,51,0.4948770491803279,0.24385245901639344
1630167,2022,454,240,45,20,0.5506607929515418,0.09911894273127753
1630167,2023,362,157,38,17,0.457182320441989,0.10497237569060773
1630168,2022,201,142,38,23,0.763681592039801,0.1890547263681592
1630168,2023,436,276,88,53,0.6938073394495413,0.2018348623853211
1630169,2022,856,403,407,189,0.5811915887850467,0.47546728971962615
1630169,2023,710,351,323,140,0.5929577464788732,0.45492957746478874
1630170,2022,624,265,189,71,0.48157051282051283,0.30288461538461536
1630170,2023,555,247,228,99,0.5342342342342342,0.41081081081081083
1630171,2022,407,194,58,24,0.5061425061425061,0.14250614250614252
1630171,2023,293,140,33,23,0.5170648464163823,0.11262798634812286
1630172,2022,77,42,31,13,0.6298701298701299,0.4025974025974026
1630172,2023,604,278,138,58,0.5082781456953642,0.22847682119205298
1630173,2022,576,255,107,36,0.4739583333333333,0.1857638888888889
1630173,2023,381,185,64,30,0.5249343832020997,0.1679790026246719
1630174,2022,158,62,27,9,0.4208860759493671,0.17088607594936708
1630174,2023,502,217,85,39,0.4711155378486056,0.1693227091633466
1630175,2022,838,326,286,112,0.45584725536992843,0.3412887828162291
1630175,2023,567,256,218,101,0.5405643738977073,0.3844797178130511
1630176,2022,13,7,1,0,0.5384615384615384,0.07692307692307693
1630176,2023,7,1,2,0,0.14285714285714285,0.2857142857142857
1630177,2022,310,117,72,30,0.4258064516129032,0.23225806451612904
1630177,2023,239,94,86,29,0.45397489539748953,0.3598326359832636
1630178,2022,912,438,349,158,0.5668859649122807,0.3826754385964912
1630178,2023,852,413,314,134,0.5633802816901409,0.3685446009389671
1630179,2022,1,1,1,1,1.5,1.0
1630180,2022,1040,411,189,67,0.42740384615384613,0.18173076923076922
1630180,2023,682,285,122,41,0.4479472140762463,0.17888563049853373
1630181,2022,427,167,101,29,0.42505854800936765,0.23653395784543327
1630181,2023,208,90,54,21,0.4831730769230769,0.25961538461538464
1630182,2022,234,120,60,34,0.5854700854700855,0.2564102564102564
1630182,2023,363,194,48,24,0.5674931129476584,0.1322314049586777
1630183,2022,511,234,92,37,0.49412915851272016,0.18003913894324852
1630183,2023,644,332,125,62,0.5636645962732919,0.19409937888198758
1630184,2022,118,48,33,12,0.4576271186440678,0.2796610169491525
1630184,2023,88,40,26,13,0.5284090909090909,0.29545454545454547
1630186,2022,49,21,14,5,0.47959183673469385,0.2857142857142857
1630187,2022,6,3,1,1,0.5833333333333334,0.16666666666666666
1630188,2022,341,169,45,18,0.5219941348973607,0.13196480938416422
1630188,2023,423,196,57,33,0.5023640661938534,0.1347517730496454
1630190,2022,138,44,32,13,0.36594202898550726,0.2318840579710145
1630191,2022,460,235,115,50,0.5652173913043478,0.25
1630191,2023,351,156,46,23,0.4772079772079772,0.13105413105413105
1630192,2022,171,88,24,10,0.543859649122807,0.14035087719298245
1630192,2023,169,96,38,25,0.6420118343195266,0.22485207100591717
1630193,2022,692,269,324,127,0.4804913294797688,0.4682080924855491
1630193,2023,820,358,351,150,0.5280487804878049,0.42804878048780487
1630194,2022,80,47,12,4,0.6125,0.15
1630194,2023,176,101,31,17,0.6221590909090909,0.17613636363636365
1630195,2022,51,16,14,5,0.3627450980392157,0.27450980392156865
1630195,2023,15,2,2,0,0.13333333333333333,0.13333333333333333
1630197,2022,430,178,100,41,0.46162790697674416,0.23255813953488372
1630197,2023,242,103,55,22,0.47107438016528924,0.22727272727272727
1630198,2022,156,54,39,9,0.375,0.25
1630198,2023,484,216,124,55,0.503099173553719,0.256198347107438
1630199,2022,46,19,9,2,0.43478260869565216,0.1956521739130435
1630200,2022,291,141,98,55,0.5790378006872853,0.33676975945017185
1630200,2023,653,295,224,97,0.5260336906584993,0.3430321592649311
1630201,2022,182,71,74,25,0.45879120879120877,0.4065934065934066
1630201,2023,203,75,72,23,0.42610837438423643,0.35467980295566504
1630202,2022,330,140,90,42,0.48787878787878786,0.2727272727272727
1630202,2023,233,97,66,24,0.4678111587982833,0.2832618025751073
1630205,2022,297,146,72,36,0.5521885521885522,0.24242424242424243
1630205,2023,249,113,64,30,0.5140562248995983,0.2570281124497992
1630206,2022,38,16,11,5,0.4868421052631579,0.2894736842105263
1630206,2023,7,5,1,1,0.7857142857142857,0.14285714285714285
1630207,2022,1,0,1,0,0.0,1.0
1630208,2022,77,52,9,5,0.7077922077922078,0.11688311688311688
1630208,2023,294,185,66,34,0.6870748299319728,0.22448979591836735
1630209,2022,235,125,24,11,0.5553191489361702,0.10212765957446808
1630209,2023,26,16,1,1,0.6346153846153846,0.038461538461538464
1630210,2022,99,39,38,14,0.46464646464646464,0.3838383838383838
1630214,2022,200,89,48,23,0.5025,0.24
1630214,2023,261,160,56,34,0.6781609195402298,0.21455938697318008
1630215,2022,136,55,63,22,0.4852941176470588,0.4632352941176471
1630215,2023,32,15,13,5,0.546875,0.40625
1630216,2022,11,4,3,2,0.45454545454545453,0.2727272727272727
1630217,2022,984,458,370,164,0.5487804878048781,0.37601626016260165
1630217,2023,829,391,270,129,0.5494571773220748,0.32569360675512665
1630218,2022,12,1,6,0,0.08333333333333333,0.5
1630219,2022,51,25,8,5,0.5392156862745098,0.1568627450980392
1630219,2023,68,34,28,14,0.6029411764705882,0.4117647058823529
1630222,2022,15,7,2,0,0.4666666666666667,0.13333333333333333
1630224,2022,777,321,226,78,0.46332046332046334,0.2908622908622909
1630224,2023,1213,517,468,175,0.4983511953833471,0.38582028029678483
1630225,2022,24,6,3,1,0.2708333333333333,0.125
1630225,2023,19,3,1,1,0.18421052631578946,0.05263157894736842
1630227,2022,62,25,13,3,0.4274193548387097,0.20967741935483872
1630227,2023,218,75,38,13,0.3738532110091743,0.1743119266055046
1630228,2022,393,195,62,31,0.5356234096692112,0.15776081424936386
1630228,2023,440,232,82,40,0.5727272727272728,0.18636363636363637
1630230,2022,227,93,46,23,0.460352422907489,0.2026431718061674
1630230,2023,541,237,127,54,0.4879852125693161,0.23475046210720887
1630231,2022,449,240,35,20,0.5567928730512249,0.0779510022271715
1630231,2023,637,364,84,48,0.609105180533752,0.13186813186813187
1630233,2022,85,42,18,9,0.5470588235294118,0.21176470588235294
1630233,2023,66,37,5,2,0.5757575757575758,0.07575757575757576
1630235,2022,130,66,22,12,0.5538461538461539,0.16923076923076924
1630235,2023,56,24,25,14,0.5535714285714286,0.44642857142857145
1630237,2022,1,0,0,0,0.0,0.0
1630237,2023,280,129,26,10,0.4785714285714286,0.09285714285714286
1630238,2022,18,7,4,0,0.3888888888888889,0.2222222222222222
1630240,2022,167,64,43,14,0.4251497005988024,0.25748502994011974
1630240,2023,109,41,25,8,0.41284403669724773,0.22935779816513763
1630241,2022,18,5,8,3,0.3611111111111111,0.4444444444444444
1630241,2023,10,3,5,2,0.4,0.5
1630243,2022,29,12,11,7,0.5344827586206896,0.3793103448275862
1630243,2023,24,6,11,3,0.3125,0.4583333333333333
1630245,2022,460,251,108,66,0.6173913043478261,0.23478260869565218
1630245,2023,511,253,99,50,0.5440313111545988,0.19373776908023482
1630249,2022,167,68,34,17,0.45808383233532934,0.20359281437125748
1630249,2023,29,10,10,5,0.43103448275862066,0.3448275862068966
1630250,2022,10,1,2,0,0.1,0.2
1630250,2023,7,2,0,0,0.2857142857142857,0.0
1630256,2022,640,324,71,34,0.5328125,0.1109375
1630256,2023,210,102,34,9,0.5071428571428571,0.1619047619047619
1630257,2022,1,0,0,0,0.0,0.0
1630264,2022,103,59,14,10,0.6213592233009708,0.13592233009708737
1630264,2023,119,64,23,16,0.6050420168067226,0.19327731092436976
1630267,2022,277,101,65,25,0.40974729241877256,0.23465703971119134
1630267,2023,13,3,2,1,0.2692307692307692,0.15384615384615385
1630270,2022,10,2,1,0,0.2,0.1
1630270,2023,10,5,2,1,0.55,0.2
1630271,2022,16,6,4,3,0.46875,0.25
1630273,2022,14,6,1,0,0.42857142857142855,0.07142857142857142
1630284,2023,100,43,27,11,0.485,0.27
1630285,2022,52,19,5,0,0.36538461538461536,0.09615384615384616
1630286,2022,6,3,1,1,0.5833333333333334,0.16666666666666666
1630288,2022,25,8,8,4,0.4,0.32
1630288,2023,38,15,14,4,0.4473684210526316,0.3684210526315789
1630296,2022,57,27,10,4,0.5087719298245614,0.17543859649122806
1630306,2022,4,1,2,1,0.375,0.5
1630314,2022,265,97,87,29,0.4207547169811321,0.3283018867924528
1630322,2022,175,71,23,9,0.43142857142857144,0.13142857142857142
1630322,2023,162,64,23,12,0.43209876543209874,0.1419753086419753
1630346,2022,5,1,0,0,0.2,0.0
1630346,2023,93,37,15,5,0.42473118279569894,0.16129032258064516
1630466,2022,12,7,1,1,0.625,0.08333333333333333
1630525,2022,1,0,0,0,0.0,0.0
1630526,2022,292,118,48,22,0.4417808219178082,0.1643835616438356
1630526,2023,239,104,47,24,0.48535564853556484,0.19665271966527198
1630527,2022,268,103,93,34,0.44776119402985076,0.34701492537313433
1630527,2023,110,47,45,18,0.509090909090909,0.4090909090909091
1630528,2022,425,194,110,44,0.508235294117647,0.25882352941176473
1630528,2023,294,134,77,34,0.5136054421768708,0.2619047619047619
1630529,2022,512,254,58,28,0.5234375,0.11328125
1630529,2023,444,211,74,39,0.5191441441441441,0.16666666666666666
1630530,2022,237,88,18,7,0.3860759493670886,0.0759493670886076
1630530,2023,739,361,74,32,0.510148849797023,0.10013531799729364
1630531,2022,1,1,0,0,1.0,0.0
1630531,2023,34,17,12,7,0.6029411764705882,0.35294117647058826
1630532,2022,831,384,175,80,0.5102286401925391,0.21058965102286403
1630532,2023,1051,506,295,126,0.5413891531874405,0.28068506184586106
1630533,2022,369,167,82,30,0.4932249322493225,0.2222222222222222
1630533,2023,164,71,42,19,0.49085365853658536,0.25609756097560976
1630534,2023,374,159,57,22,0.45454545454545453,0.15240641711229946
1630535,2022,185,78,29,9,0.44594594594594594,0.15675675675675677
1630535,2023,24,9,3,1,0.3958333333333333,0.125
1630536,2022,10,3,3,0,0.3,0.3
1630537,2022,584,251,201,75,0.4940068493150685,0.3441780821917808
1630537,2023,293,111,100,35,0.43856655290102387,0.3412969283276451
1630538,2022,516,211,175,72,0.4786821705426357,0.3391472868217054
1630538,2023,537,208,208,79,0.46089385474860334,0.38733705772811916
1630539,2022,14,9,0,0,0.6428571428571429,0.0
1630539,2023,118,66,11,1,0.5635593220338984,0.09322033898305085
1630540,2022,96,30,35,12,0.375,0.3645833333333333
1630540,2023,194,70,45,12,0.3917525773195876,0.23195876288659795
1630541,2022,158,66,20,7,0.439873417721519,0.12658227848101267
1630541,2023,186,90,24,15,0.5241935483870968,0.12903225806451613
1630543,2022,199,113,46,23,0.6256281407035176,0.23115577889447236
1630543,2023,273,152,75,34,0.6190476190476191,0.27472527472527475
1630544,2022,549,216,233,98,0.48269581056466304,0.424408014571949
1630544,2023,497,195,248,93,0.4859154929577465,0.49899396378269617
1630547,2022,132,47,33,12,0.4015151515151515,0.25
1630547,2023,181,65,60,20,0.4143646408839779,0.3314917127071823
1630548,2023,97,31,31,14,0.3917525773195876,0.31958762886597936
1630549,2022,124,71,48,23,0.6653225806451613,0.3870967741935484
1630549,2023,146,81,45,24,0.636986301369863,0.3082191780821918
1630550,2022,55,24,6,4,0.4727272727272727,0.10909090909090909
1630550,2023,213,85,25,9,0.42018779342723006,0.11737089201877934
1630551,2022,64,28,12,8,0.5,0.1875
1630551,2023,13,3,3,1,0.2692307692307692,0.23076923076923078
1630552,2022,38,21,6,2,0.5789473684210527,0.15789473684210525
1630552,2023,309,149,55,28,0.5275080906148867,0.1779935275080906
1630553,2022,263,92,81,25,0.3973384030418251,0.30798479087452474
1630553,2023,164,61,55,20,0.4329268292682927,0.3353658536585366
1630554,2023,38,17,10,6,0.5263157894736842,0.2631578947368421
1630555,2022,6,1,2,0,0.16666666666666666,0.3333333333333333
1630556,2022,218,91,41,19,0.4610091743119266,0.18807339449541285
1630556,2023,89,35,11,3,0.4101123595505618,0.12359550561797752
1630557,2022,480,220,80,47,0.5072916666666667,0.16666666666666666
1630557,2023,505,249,71,38,0.5306930693069307,0.1405940594059406
1630558,2022,787,335,304,118,0.5006353240152478,0.386277001270648
1630558,2023,366,165,114,51,0.5204918032786885,0.3114754098360656
1630559,2022,288,131,72,37,0.5190972222222222,0.25
1630559,2023,435,229,135,68,0.6045977011494252,0.3103448275862069
1630560,2022,405,180,199,91,0.5567901234567901,0.49135802469135803
1630560,2023,358,146,193,75,0.5125698324022346,0.5391061452513967
1630561,2022,91,31,18,3,0.35714285714285715,0.1978021978021978
1630561,2023,65,31,13,6,0.5230769230769231,0.2
1630563,2022,204,75,51,19,0.41421568627450983,0.25
1630563,2023,26,9,8,5,0.4423076923076923,0.3076923076923077
1630565,2022,2,0,1,0,0.0,0.5
1630567,2022,871,432,190,91,0.5482204362801377,0.21814006888633755
1630567,2023,940,431,207,69,0.4952127659574468,0.22021276595744682
1630568,2022,143,64,18,8,0.4755244755244755,0.1258741258741259
1630568,2023,104,58,10,6,0.5865384615384616,0.09615384615384616
1630570,2022,248,133,59,37,0.6108870967741935,0.23790322580645162
1630570,2023,306,173,87,52,0.6503267973856209,0.28431372549019607
1630572,2022,115,57,25,12,0.5478260869565217,0.21739130434782608
1630572,2023,204,84,42,20,0.46078431372549017,0.20588235294117646
1630573,2022,46,20,8,7,0.5108695652173914,0.17391304347826086
1630573,2023,376,174,39,21,0.49069148936170215,0.10372340425531915
1630577,2023,105,46,20,11,0.49047619047619045,0.19047619047619047
1630578,2022,423,205,63,30,0.5200945626477541,0.14893617021276595
1630578,2023,722,402,137,65,0.6018005540166205,0.18975069252077562
1630579,2022,50,35,6,3,0.73,0.12
1630579,2023,96,75,13,7,0.8177083333333334,0.13541666666666666
1630580,2022,48,20,12,3,0.4479166666666667,0.25
1630580,2023,11,3,0,0,0.2727272727272727,0.0
1630581,2022,596,249,153,65,0.47231543624161076,0.25671140939597314
1630581,2023,1045,501,254,114,0.5339712918660288,0.2430622009569378
1630582,2022,16,5,1,0,0.3125,0.0625
1630583,2022,123,48,34,12,0.43902439024390244,0.2764227642276423
1630583,2023,447,207,64,30,0.4966442953020134,0.14317673378076062
1630585,2022,18,5,6,2,0.3333333333333333,0.3333333333333333
1630586,2022,33,14,3,2,0.45454545454545453,0.09090909090909091
1630586,2023,149,70,34,16,0.5234899328859061,0.22818791946308725
1630587,2022,81,35,11,5,0.46296296296296297,0.13580246913580246
1630587,2023,250,105,50,22,0.464,0.2
1630589,2022,4,1,2,0,0.25,0.5
1630590,2023,10,4,1,0,0.4,0.1
1630591,2022,517,183,156,46,0.3984526112185687,0.30174081237911027
1630591,2023,389,165,117,47,0.4845758354755784,0.30077120822622105
1630593,2022,2,1,2,1,0.75,1.0
1630593,2023,89,42,38,14,0.550561797752809,0.42696629213483145
1630595,2022,940,388,272,106,0.46914893617021275,0.28936170212765955
1630595,2023,169,71,70,32,0.514792899408284,0.41420118343195267
1630596,2022,748,374,117,42,0.5280748663101604,0.15641711229946523
1630596,2023,802,445,115,64,0.5947630922693267,0.1433915211970075
1630598,2022,336,156,50,23,0.49851190476190477,0.1488095238095238
1630598,2023,344,176,69,37,0.565406976744186,0.2005813953488372
1630600,2023,21,12,3,2,0.6190476190476191,0.14285714285714285
1630602,2022,26,7,5,1,0.28846153846153844,0.19230769230769232
1630605,2022,1,0,0,0,0.0,0.0
1630606,2022,59,19,18,4,0.3559322033898305,0.3050847457627119
1630612,2022,18,6,8,2,0.3888888888888889,0.4444444444444444
1630613,2022,418,168,103,38,0.4473684210526316,0.24641148325358853
1630613,2023,207,77,85,36,0.45893719806763283,0.4106280193236715
1630620,2023,12,5,1,1,0.4583333333333333,0.08333333333333333
1630624,2022,2,0,0,0,0.0,0.0
1630625,2022,190,80,67,23,0.48157894736842105,0.3526315789473684
1630625,2023,126,53,39,15,0.4801587301587302,0.30952380952380953
1630631,2022,254,115,75,44,0.5393700787401575,0.2952755905511811
1630631,2023,450,189,100,38,0.4622222222222222,0.2222222222222222
1630637,2022,7,1,3,0,0.14285714285714285,0.42857142857142855
1630637,2023,15,6,6,1,0.43333333333333335,0.4
1630639,2023,39,21,5,4,0.5897435897435898,0.1282051282051282
1630640,2022,4,0,1,0,0.0,0.25
1630643,2022,3,0,0,0,0.0,0.0
1630643,2023,25,15,3,1,0.62,0.12
1630644,2022,6,3,2,1,0.5833333333333334,0.3333333333333333
1630644,2023,3,1,1,0,0.3333333333333333,0.3333333333333333
1630647,2023,219,99,41,20,0.4977168949771689,0.1872146118721461
1630648,2022,11,1,1,0,0.09090909090909091,0.09090909090909091
1630648,2023,2,1,1,1,0.75,0.5
1630649,2023,1,0,0,0,0.0,0.0
1630678,2022,219,134,58,33,0.6872146118721462,0.2648401826484018
1630678,2023,64,33,14,8,0.578125,0.21875
1630686,2022,67,31,23,9,0.5298507462686567,0.34328358208955223
1630688,2022,99,40,11,3,0.41919191919191917,0.1111111111111111
1630688,2023,200,74,21,12,0.4,0.105
1630691,2022,50,18,7,2,0.38,0.14
1630692,2022,3,0,1,0,0.0,0.3333333333333333
1630692,2023,308,135,110,49,0.5178571428571429,0.35714285714285715
1630695,2022,5,2,0,0,0.4,0.0
1630695,2023,15,10,3,2,0.7333333333333333,0.2
1630696,2023,41,18,11,5,0.5,0.2682926829268293
1630698,2022,37,11,11,4,0.35135135135135137,0.2972972972972973
1630699,2023,223,90,57,22,0.452914798206278,0.2556053811659193
1630700,2023,203,85,32,14,0.45320197044334976,0.15763546798029557
1630702,2023,316,141,91,39,0.5079113924050633,0.2879746835443038
1630758,2022,5,0,0,0,0.0,0.0
1630787,2022,14,5,5,2,0.42857142857142855,0.35714285714285715
1630792,2022,52,24,10,6,0.5192307692307693,0.19230769230769232
1630792,2023,4,2,0,0,0.5,0.0
1630846,2022,101,58,13,8,0.6138613861386139,0.12871287128712872
1630846,2023,26,14,4,1,0.5576923076923077,0.15384615384615385
1630994,2022,19,5,7,2,0.3157894736842105,0.3684210526315789
1631093,2023,837,346,299,108,0.4778972520908005,0.35722819593787336
1631094,2023,1030,441,346,127,0.48980582524271843,0.3359223300970874
1631095,2023,785,314,185,77,0.44904458598726116,0.2356687898089172
1631097,2023,823,363,251,105,0.5048602673147023,0.30498177399756987
1631098,2023,150,58,52,24,0.4666666666666667,0.3466666666666667
1631099,2023,732,332,101,49,0.4870218579234973,0.13797814207650272
1631100,2023,476,224,173,89,0.5640756302521008,0.3634453781512605
1631101,2023,602,286,222,82,0.5431893687707641,0.3687707641196013
1631102,2023,147,57,70,29,0.48639455782312924,0.47619047619047616
1631103,2023,551,243,192,90,0.5226860254083484,0.3484573502722323
1631104,2023,197,61,58,13,0.3426395939086294,0.29441624365482233
1631105,2023,336,220,46,20,0.6845238095238095,0.13690476190476192
1631106,2023,583,266,94,42,0.4922813036020583,0.16123499142367068
1631107,2023,60,26,13,9,0.5083333333333333,0.21666666666666667
1631108,2023,90,37,16,8,0.45555555555555555,0.17777777777777778
1631109,2023,213,135,46,22,0.6854460093896714,0.215962441314554
1631110,2023,500,224,108,46,0.494,0.216
1631111,2023,31,12,4,3,0.43548387096774194,0.12903225806451613
1631112,2023,7,4,1,1,0.6428571428571429,0.14285714285714285
1631113,2023,71,31,16,8,0.49295774647887325,0.22535211267605634
1631114,2023,743,382,220,104,0.5841184387617766,0.2960969044414536
1631115,2023,77,42,20,11,0.6168831168831169,0.2597402597402597
1631116,2023,108,43,8,4,0.4166666666666667,0.07407407407407407
1631117,2023,379,272,76,45,0.7770448548812665,0.20052770448548812
1631119,2023,220,95,23,10,0.45454545454545453,0.10454545454545454
1631120,2023,18,8,7,3,0.5277777777777778,0.3888888888888889
1631121,2023,189,73,42,13,0.42063492063492064,0.2222222222222222
1631123,2023,13,6,3,1,0.5,0.23076923076923078
1631128,2023,273,135,50,18,0.5274725274725275,0.18315018315018314
1631132,2023,128,63,15,4,0.5078125,0.1171875
1631133,2023,177,73,33,13,0.4491525423728814,0.1864406779661017
1631157,2023,17,5,5,1,0.3235294117647059,0.29411764705882354
1631160,2023,21,6,5,2,0.3333333333333333,0.23809523809523808
1631165,2023,15,7,7,3,0.5666666666666667,0.4666666666666667
1631169,2023,30,15,2,0,0.5,0.06666666666666667
1631172,2023,171,70,40,18,0.4619883040935672,0.23391812865497075
1631197,2023,43,17,11,6,0.46511627906976744,0.2558139534883721
1631199,2023,13,7,1,0,0.5384615384615384,0.07692307692307693
1631205,2023,27,5,3,1,0.2037037037037037,0.1111111111111111
1631207,2023,65,26,8,4,0.4307692307692308,0.12307692307692308
1631211,2023,2,1,0,0,0.5,0.0
1631212,2023,58,28,8,2,0.5,0.13793103448275862
1631213,2023,20,8,4,1,0.425,0.2
1631216,2023,172,62,20,10,0.38953488372093026,0.11627906976744186
1631217,2023,43,23,9,4,0.5813953488372093,0.20930232558139536
1631219,2023,53,17,12,5,0.36792452830188677,0.22641509433962265
1631220,2023,5,2,1,1,0.5,0.2
1631222,2023,64,26,7,3,0.4296875,0.109375
1631223,2023,359,153,46,22,0.4568245125348189,0.12813370473537605
1631230,2023,77,42,23,12,0.6233766233766234,0.2987012987012987
1631245,2023,38,18,5,3,0.5131578947368421,0.13157894736842105
1631246,2023,37,11,3,2,0.32432432432432434,0.08108108108108109
1631254,2023,82,45,19,7,0.5914634146341463,0.23170731707317074
1631260,2023,99,40,25,7,0.4393939393939394,0.25252525252525254
1631288,2023,53,30,12,6,0.6226415094339622,0.22641509433962265
1631298,2023,14,6,1,0,0.42857142857142855,0.07142857142857142
1631303,2023,23,7,4,1,0.32608695652173914,0.17391304347826086
1631306,2023,9,3,3,0,0.3333333333333333,0.3333333333333333
1631309,2023,9,2,5,0,0.2222222222222222,0.5555555555555556
1631311,2023,5,2,2,1,0.5,0.4
1631320,2023,2,1,0,0,0.5,0.0
1631323,2023,291,108,68,27,0.4175257731958763,0.23367697594501718
1631367,2023,3,1,0,0,0.3333333333333333,0.0
1631466,2023,39,24,5,2,0.6410256410256411,0.1282051282051282
1631495,2023,5,2,1,0,0.4,0.2
1641645,2023,28,17,7,5,0.6964285714285714,0.25
200746,2022,438,243,68,35,0.5947488584474886,0.1552511415525114
200752,2022,330,142,63,22,0.4636363636363636,0.19090909090909092
200752,2023,272,103,77,23,0.4209558823529412,0.28308823529411764
200765,2022,156,62,33,9,0.42628205128205127,0.21153846153846154
200768,2022,559,248,182,81,0.5161001788908766,0.32558139534883723
200768,2023,434,178,120,47,0.4642857142857143,0.2764976958525346
200782,2022,369,175,51,22,0.5040650406504065,0.13821138211382114
200782,2023,203,88,19,8,0.45320197044334976,0.09359605911330049
200794,2022,105,41,24,8,0.42857142857142855,0.22857142857142856
201142,2022,1056,544,454,237,0.6273674242424242,0.42992424242424243
201142,2023,801,449,333,175,0.6697877652933832,0.4157303370786517
201143,2022,520,244,45,27,0.4951923076923077,0.08653846153846154
201143,2023,436,207,33,18,0.4954128440366973,0.07568807339449542
201144,2022,658,286,286,130,0.5334346504559271,0.43465045592705165
201144,2023,532,217,254,97,0.49906015037593987,0.4774436090225564
201145,2022,479,252,76,39,0.5668058455114823,0.15866388308977036
201145,2023,316,154,46,24,0.5253164556962026,0.14556962025316456
201152,2022,260,136,59,31,0.5826923076923077,0.22692307692307692
201152,2023,182,99,37,21,0.6016483516483516,0.2032967032967033
201565,2022,266,120,91,34,0.5150375939849624,0.34210526315789475
201565,2023,142,51,51,19,0.426056338028169,0.3591549295774648
201566,2022,1097,487,272,106,0.49225159525979945,0.2479489516864175
201566,2023,825,354,196,71,0.4721212121212121,0.23757575757575758
201567,2022,701,304,99,45,0.4657631954350927,0.14122681883024252
201567,2023,372,143,56,22,0.41397849462365593,0.15053763440860216
201568,2022,551,239,105,38,0.46823956442831216,0.19056261343012704
201569,2022,491,237,107,47,0.5305498981670062,0.21792260692464357
201569,2023,592,267,121,48,0.49155405405405406,0.20439189189189189
201571,2022,199,85,59,17,0.46984924623115576,0.2964824120603015
201572,2022,127,60,19,10,0.5118110236220472,0.14960629921259844
201572,2023,805,435,140,91,0.5968944099378882,0.17391304347826086
201577,2022,149,82,19,10,0.5838926174496645,0.12751677852348994
201577,2023,61,40,4,3,0.680327868852459,0.06557377049180328
201580,2022,441,277,101,57,0.6927437641723356,0.2290249433106576
201580,2023,108,69,8,4,0.6574074074074074,0.07407407407407407
201586,2022,284,144,27,16,0.5352112676056338,0.09507042253521127
201586,2023,46,24,5,4,0.5652173913043478,0.10869565217391304
201587,2022,338,159,45,19,0.4985207100591716,0.13313609467455623
201587,2023,347,146,30,18,0.44668587896253603,0.08645533141210375
201588,2022,247,104,45,18,0.4574898785425101,0.18218623481781376
201588,2023,154,72,42,18,0.525974025974026,0.2727272727272727
201599,2022,118,78,27,8,0.6949152542372882,0.2288135593220339
201599,2023,105,79,18,12,0.8095238095238095,0.17142857142857143
201609,2022,145,55,26,7,0.40344827586206894,0.1793103448275862
201609,2023,320,133,90,34,0.46875,0.28125
201933,2022,263,111,50,25,0.4695817490494297,0.19011406844106463
201933,2023,129,63,35,21,0.5697674418604651,0.2713178294573643
201935,2022,926,381,471,174,0.5053995680345572,0.5086393088552916
201935,2023,717,312,398,156,0.5439330543933054,0.5550906555090656
201937,2022,394,145,107,39,0.41751269035532995,0.2715736040609137
201937,2023,143,56,42,13,0.4370629370629371,0.2937062937062937
201939,2022,1100,474,438,194,0.519090909090909,0.3981818181818182
201939,2023,936,465,374,187,0.5966880341880342,0.3995726495726496
201942,2022,1325,668,544,276,0.6083018867924528,0.41056603773584904
201942,2023,1153,580,511,230,0.6027753686036427,0.44319167389418906
201949,2022,261,130,49,21,0.5383141762452107,0.18773946360153257
201949,2023,42,19,9,3,0.4880952380952381,0.21428571428571427
201950,2022,869,433,292,162,0.5914844649021864,0.33601841196777904
201950,2023,935,450,386,184,0.5796791443850268,0.4128342245989305
201954,2022,5,1,2,0,0.2,0.4
201959,2022,162,84,22,10,0.5493827160493827,0.13580246913580246
201959,2023,109,57,19,13,0.5825688073394495,0.1743119266055046
201961,2022,220,94,42,14,0.4590909090909091,0.19090909090909092
201976,2022,391,161,94,28,0.4475703324808184,0.24040920716112532
201976,2023,319,123,55,24,0.4231974921630094,0.1724137931034483
201980,2022,281,112,36,13,0.42170818505338076,0.12811387900355872
201980,2023,30,14,7,3,0.5166666666666667,0.23333333333333334
201988,2022,690,291,177,67,0.4702898550724638,0.2565217391304348
201988,2023,169,72,44,18,0.47928994082840237,0.2603550295857988
202066,2022,254,94,36,12,0.3937007874015748,0.14173228346456693
202066,2023,42,17,6,2,0.42857142857142855,0.14285714285714285
202083,2022,192,72,24,10,0.4010416666666667,0.125
202083,2023,150,52,21,5,0.36333333333333334,0.14
202322,2023,321,132,84,23,0.4470404984423676,0.2616822429906542
202324,2022,147,71,19,10,0.5170068027210885,0.1292517006802721
202326,2022,258,115,32,15,0.4748062015503876,0.12403100775193798
202328,2022,54,32,14,13,0.7129629629629629,0.25925925925925924
202330,2022,592,271,141,74,0.5202702702702703,0.23817567567567569
202330,2023,534,253,208,103,0.5702247191011236,0.3895131086142322
202331,2022,598,253,239,92,0.5,0.3996655518394649
202331,2023,950,433,388,158,0.5389473684210526,0.40842105263157896
202334,2022,16,11,9,6,0.875,0.5625
202339,2022,412,172,112,46,0.4733009708737864,0.27184466019417475
202340,2022,298,124,68,33,0.4714765100671141,0.22818791946308725
202355,2022,264,170,43,26,0.6931818181818182,0.16287878787878787
202357,2022,316,144,57,30,0.5031645569620253,0.18037974683544303
202362,2022,318,146,122,52,0.5408805031446541,0.3836477987421384
202397,2022,406,174,202,97,0.5480295566502463,0.4975369458128079
202397,2023,113,45,70,25,0.5088495575221239,0.6194690265486725
202681,2022,497,236,200,98,0.5734406438631791,0.4024144869215292
202681,2023,1133,556,486,231,0.5926743159752869,0.4289496910856134
202683,2022,83,43,24,11,0.5843373493975904,0.2891566265060241
202684,2022,242,129,34,14,0.5619834710743802,0.14049586776859505
202685,2022,829,455,117,60,0.5850422195416164,0.1411338962605549
202685,2023,739,406,108,63,0.5920162381596752,0.14614343707713126
202687,2022,136,80,27,10,0.625,0.19852941176470587
202687,2023,182,109,33,21,0.6565934065934066,0.1813186813186813
202688,2022,21,9,5,1,0.4523809523809524,0.23809523809523808
202689,2022,363,146,177,71,0.5,0.48760330578512395
202689,2023,48,21,23,10,0.5416666666666666,0.4791666666666667
202691,2022,493,209,154,73,0.49797160243407707,0.31237322515212984
202691,2023,1100,475,316,135,0.49318181818181817,0.2872727272727273
202692,2022,706,272,184,74,0.4376770538243626,0.26062322946175637
202692,2023,383,165,160,68,0.5195822454308094,0.4177545691906005
202693,2022,102,47,20,7,0.4950980392156863,0.19607843137254902
202693,2023,91,40,20,10,0.4945054945054945,0.21978021978021978
202694,2022,620,272,167,73,0.4975806451612903,0.2693548387096774
202694,2023,604,261,158,82,0.5,0.26158940397350994
202695,2023,840,431,301,153,0.6041666666666666,0.35833333333333334
202696,2022,969,456,88,45,0.4938080495356037,0.09081527347781218
202696,2023,1028,533,97,54,0.5447470817120622,0.0943579766536965
202699,2022,908,434,283,135,0.5523127753303965,0.31167400881057267
202699,2023,762,389,155,77,0.5610236220472441,0.20341207349081364
202704,2022,1069,418,473,186,0.47801683816651075,0.4424695977549111
202704,2023,611,251,205,66,0.46481178396072015,0.3355155482815057
202709,2022,362,166,80,34,0.505524861878453,0.22099447513812154
202709,2023,317,139,111,42,0.5047318611987381,0.3501577287066246
202710,2022,734,349,183,84,0.5326975476839237,0.24931880108991825
202710,2023,793,431,206,106,0.6103404791929382,0.2597730138713745
202711,2022,808,368,145,74,0.5012376237623762,0.17945544554455445
202711,2023,756,365,218,100,0.548941798941799,0.28835978835978837
202722,2022,259,95,28,12,0.38996138996138996,0.10810810810810811
202722,2023,136,60,8,5,0.45955882352941174,0.058823529411764705
202738,2022,142,56,55,25,0.4823943661971831,0.3873239436619718
202954,2022,72,26,32,10,0.4305555555555556,0.4444444444444444
203076,2022,600,316,128,52,0.57,0.21333333333333335
203076,2023,870,489,190,102,0.6206896551724138,0.21839080459770116
203078,2022,741,332,277,122,0.5303643724696356,0.3738191632928475
203078,2023,857,435,359,170,0.6067677946324388,0.41890315052508753
203081,2022,537,218,234,81,0.4813780260707635,0.43575418994413406
203081,2023,1146,529,477,197,0.5475567190226877,0.4162303664921466
203082,2022,493,197,217,90,0.4908722109533469,0.44016227180527384
203082,2023,438,185,158,75,0.5079908675799086,0.3607305936073059
203083,2022,386,224,94,51,0.6463730569948186,0.24352331606217617
203083,2023,234,147,68,35,0.7029914529914529,0.2905982905982906
203084,2022,771,365,142,60,0.5123216601815823,0.18417639429312582
203084,2023,734,342,142,72,0.5149863760217984,0.19346049046321526
203085,2022,324,137,59,19,0.4521604938271605,0.18209876543209877
203085,2023,179,75,17,6,0.43575418994413406,0.09497206703910614
203086,2023,28,14,3,3,0.5535714285714286,0.10714285714285714
203087,2022,332,127,112,46,0.45180722891566266,0.3373493975903614
203090,2022,174,81,16,9,0.49137931034482757,0.09195402298850575
203095,2022,929,389,296,120,0.48331539289558667,0.3186221743810549
203095,2023,157,53,56,13,0.37898089171974525,0.35668789808917195
203107,2022,161,61,50,21,0.4440993788819876,0.3105590062111801
203109,2022,505,201,95,44,0.4415841584158416,0.18811881188118812
203109,2023,88,43,28,14,0.5681818181818182,0.3181818181818182
203110,2022,240,127,53,31,0.59375,0.22083333333333333
203110,2023,414,216,119,79,0.6171497584541062,0.28743961352657005
203114,2022,908,399,316,148,0.5209251101321586,0.34801762114537443
203114,2023,406,177,137,61,0.5110837438423645,0.3374384236453202
203115,2022,793,347,222,101,0.5012610340479193,0.27994955863808324
203115,2023,322,121,108,37,0.4332298136645963,0.33540372670807456
203145,2022,122,35,26,6,0.3114754098360656,0.21311475409836064
203200,2022,625,242,142,57,0.4328,0.2272
203200,2023,179,68,45,17,0.4273743016759777,0.25139664804469275
203210,2022,300,149,27,11,0.515,0.09
203210,2023,219,117,21,11,0.5593607305936074,0.0958904109589041
203457,2022,58,32,15,7,0.6120689655172413,0.25862068965517243
203457,2023,35,13,7,2,0.4,0.2
203458,2022,155,87,21,12,0.6,0.13548387096774195
203458,2023,27,14,3,2,0.5555555555555556,0.1111111111111111
203463,2022,535,215,102,42,0.4411214953271028,0.19065420560747665
203468,2022,1089,498,483,209,0.5532598714416896,0.44352617079889806
203468,2023,1212,532,491,211,0.525990099009901,0.4051155115511551
203469,2022,86,49,29,14,0.6511627906976745,0.3372093023255814
203469,2023,51,31,21,13,0.7352941176470589,0.4117647058823529
203471,2022,631,270,189,88,0.4976228209191759,0.29952456418383516
203471,2023,590,244,217,92,0.4915254237288136,0.3677966101694915
203473,2022,254,144,40,26,0.6181102362204725,0.15748031496062992
203473,2023,130,65,17,12,0.5461538461538461,0.13076923076923078
203476,2022,100,47,16,12,0.53,0.16
203476,2023,101,39,24,4,0.40594059405940597,0.2376237623762376
203482,2022,253,111,64,29,0.49604743083003955,0.25296442687747034
203482,2023,522,257,92,52,0.5421455938697318,0.17624521072796934
203484,2022,779,338,265,117,0.5089858793324775,0.34017971758664955
203484,2023,591,271,154,71,0.5186125211505922,0.26057529610829105
203486,2022,305,195,50,26,0.6819672131147541,0.16393442622950818
203486,2023,457,313,120,76,0.7680525164113785,0.26258205689277897
203487,2023,14,6,4,2,0.5,0.2857142857142857
203488,2022,231,107,12,6,0.47619047619047616,0.05194805194805195
203488,2023,284,128,26,15,0.477112676056338,0.09154929577464789
203490,2022,368,172,94,52,0.5380434782608695,0.2554347826086957
203490,2023,30,15,6,2,0.5333333333333333,0.2
203493,2022,465,184,62,24,0.421505376344086,0.13333333333333333
203493,2023,415,161,39,13,0.4036144578313253,0.09397590361445783
203496,2022,483,203,57,30,0.45134575569358176,0.11801242236024845
203496,2023,210,91,25,9,0.45476190476190476,0.11904761904761904
203497,2022,436,314,68,42,0.768348623853211,0.1559633027522936
203497,2023,486,318,110,52,0.7078189300411523,0.22633744855967078
203500,2022,331,184,97,52,0.6344410876132931,0.2930513595166163
203500,2023,213,123,71,34,0.6572769953051644,0.3333333333333333
203501,2022,495,192,175,69,0.4575757575757576,0.35353535353535354
203501,2023,734,292,190,64,0.44141689373297005,0.25885558583106266
203503,2022,159,63,14,8,0.42138364779874216,0.0880503144654088
203504,2022,189,71,87,29,0.4523809523809524,0.4603174603174603
203506,2022,73,35,27,12,0.5616438356164384,0.3698630136986301
203506,2023,337,138,119,50,0.4836795252225519,0.35311572700296734
203507,2022,1134,623,293,131,0.6071428571428571,0.2583774250440917
203507,2023,1204,661,222,85,0.5843023255813954,0.18438538205980065
203516,2022,18,10,4,2,0.6111111111111112,0.2222222222222222
203521,2023,47,17,17,7,0.43617021276595747,0.3617021276595745
203524,2022,19,3,2,1,0.18421052631578946,0.10526315789473684
203526,2022,429,199,133,63,0.5372960372960373,0.31002331002331
203526,2023,90,46,13,7,0.55,0.14444444444444443
203552,2022,635,303,274,125,0.5755905511811024,0.431496062992126
203552,2023,383,174,172,82,0.5613577023498695,0.4490861618798956
203585,2022,213,95,31,15,0.4812206572769953,0.14553990610328638
203585,2023,135,60,29,15,0.5,0.21481481481481482
203648,2022,122,68,25,14,0.6147540983606558,0.20491803278688525
203648,2023,43,19,12,5,0.5,0.27906976744186046
203658,2022,5,3,2,1,0.7,0.4
203816,2022,4,2,3,2,0.75,0.75
203897,2022,1020,485,344,140,0.5441176470588235,0.33725490196078434
203897,2023,1220,582,432,163,0.5438524590163935,0.3540983606557377
203901,2022,167,66,52,23,0.46407185628742514,0.31137724550898205
203903,2022,961,404,345,129,0.4875130072840791,0.3590010405827263
203903,2023,958,425,353,142,0.5177453027139874,0.3684759916492693
203914,2022,459,201,106,41,0.48257080610021785,0.23093681917211328
203914,2023,268,123,46,19,0.4944029850746269,0.17164179104477612
203915,2022,703,289,254,92,0.47652916073968704,0.3613086770981508
203915,2023,913,401,328,118,0.5038335158817087,0.3592552026286966
203917,2022,14,5,4,1,0.39285714285714285,0.2857142857142857
203918,2022,141,54,47,18,0.44680851063829785,0.3333333333333333
203920,2022,187,90,39,15,0.5213903743315508,0.20855614973262032
203920,2023,31,18,7,5,0.6612903225806451,0.22580645161290322
203924,2022,626,267,142,56,0.4712460063897764,0.2268370607028754
203924,2023,854,400,119,47,0.4959016393442623,0.13934426229508196
203925,2022,109,51,19,9,0.5091743119266054,0.1743119266055046
203925,2023,393,182,62,29,0.5,0.15776081424936386
203926,2022,410,190,89,50,0.524390243902439,0.21707317073170732
203926,2023,469,217,107,50,0.5159914712153518,0.2281449893390192
203932,2022,738,381,138,64,0.559620596205962,0.18699186991869918
203932,2023,739,415,128,62,0.6035182679296346,0.17320703653585928
203933,2023,223,106,82,40,0.5650224215246636,0.36771300448430494
203935,2022,658,271,116,48,0.44832826747720367,0.1762917933130699
203935,2023,551,232,132,52,0.46823956442831216,0.2395644283121597
203937,2022,420,185,130,57,0.5083333333333333,0.30952380952380953
203937,2023,423,224,101,49,0.5874704491725768,0.23877068557919623
203939,2022,366,245,72,47,0.7336065573770492,0.19672131147540983
203939,2023,237,171,57,42,0.810126582278481,0.24050632911392406
203943,2023,22,9,5,1,0.4318181818181818,0.22727272727272727
203944,2022,1213,501,353,143,0.47197032151690027,0.29101401483924155
203944,2023,1333,612,353,159,0.518754688672168,0.26481620405101275
203952,2022,923,428,265,119,0.528169014084507,0.28710725893824485
203952,2023,431,208,108,45,0.5348027842227379,0.2505800464037123
203953,2022,34,17,5,0,0.5,0.14705882352941177
203954,2022,1151,578,307,148,0.5664639443961772,0.26672458731537796
203954,2023,1174,645,328,160,0.6175468483816013,0.27938671209540034
203967,2023,255,117,50,24,0.5058823529411764,0.19607843137254902
203991,2022,544,336,108,46,0.6599264705882353,0.19852941176470587
203991,2023,490,314,110,50,0.6918367346938775,0.22448979591836735
203992,2022,705,308,210,90,0.500709219858156,0.2978723404255319
203992,2023,530,241,149,64,0.5150943396226415,0.2811320754716981
203994,2022,594,319,108,69,0.5951178451178452,0.18181818181818182
203994,2023,481,249,80,48,0.5675675675675675,0.16632016632016633
203999,2022,1181,688,177,106,0.6274343776460627,0.14987298899237933
203999,2023,936,593,169,106,0.6901709401709402,0.18055555555555555
204001,2022,698,319,116,53,0.49498567335243554,0.166189111747851
204001,2023,895,444,193,82,0.5418994413407822,0.21564245810055865
204020,2022,20,6,2,1,0.325,0.1
204025,2022,34,12,17,4,0.4117647058823529,0.5
204038,2022,21,4,3,1,0.21428571428571427,0.14285714285714285
204060,2022,251,102,56,19,0.4442231075697211,0.22310756972111553
204060,2023,227,99,55,25,0.4911894273127753,0.2422907488986784
204456,2022,174,77,48,21,0.5028735632183908,0.27586206896551724
204456,2023,440,241,115,63,0.6193181818181818,0.26136363636363635
2207,2022,1,1,0,0,1.0,0.0
2544,2022,1069,551,243,110,0.5668849391955099,0.2273152478952292
2544,2023,1060,533,242,113,0.5561320754716981,0.22830188679245284
2546,2022,641,277,128,60,0.4789391575663027,0.1996879875195008
2617,2022,31,14,10,6,0.5483870967741935,0.3225806451612903
2617,2023,27,10,4,2,0.4074074074074074,0.14814814814814814
2730,2022,207,124,39,23,0.6545893719806763,0.18840579710144928
2738,2022,110,41,19,4,0.39090909090909093,0.17272727272727273
2738,2023,12,5,1,1,0.4583333333333333,0.08333333333333333
2772,2022,94,30,13,6,0.35106382978723405,0.13829787234042554
